{
  "walls": {
    "3ea687ad-0840-41bb-9f0d-9bb6b4fb3f75": {
      "id": "3ea687ad-0840-41bb-9f0d-9bb6b4fb3f75",
      "a": {
        "x": 17900,
        "y": 1400.0000000000018
      },
      "b": {
        "x": 17900,
        "y": 8300
      },
      "thickness": 300,
      "kind": "exterior"
    },
    "c7e9dc09-d721-4b10-8edb-074b43375e23": {
      "id": "c7e9dc09-d721-4b10-8edb-074b43375e23",
      "a": {
        "x": 6000,
        "y": 8300.000000000002
      },
      "b": {
        "x": 6000.000000000001,
        "y": 1400
      },
      "thickness": 300,
      "kind": "exterior"
    },
    "0ceaa841-cb1d-4134-a594-1c4df6463a13": {
      "id": "0ceaa841-cb1d-4134-a594-1c4df6463a13",
      "a": {
        "x": 14600,
        "y": 1400.0000000000014
      },
      "b": {
        "x": 14600,
        "y": 8300
      },
      "thickness": 200,
      "kind": "interior"
    },
    "6478b91b-4dde-4b29-87b5-26550e20bf2b": {
      "id": "6478b91b-4dde-4b29-87b5-26550e20bf2b",
      "a": {
        "x": 10800,
        "y": 4000.0000000000005
      },
      "b": {
        "x": 17900,
        "y": 3999.9999999999995
      },
      "thickness": 200,
      "kind": "interior"
    },
    "dfa3b7ac-da97-425b-be7e-bd760e573161": {
      "id": "dfa3b7ac-da97-425b-be7e-bd760e573161",
      "a": {
        "x": 16100,
        "y": 1400.0000000000014
      },
      "b": {
        "x": 16100,
        "y": 3999.9999999999995
      },
      "thickness": 200,
      "kind": "interior"
    },
    "ccec9fc8-b976-422a-9694-154531a646f1": {
      "id": "ccec9fc8-b976-422a-9694-154531a646f1",
      "a": {
        "x": 10800,
        "y": 4000.0000000000005
      },
      "b": {
        "x": 10800,
        "y": 1400.000000000001
      },
      "thickness": 200,
      "kind": "interior"
    },
    "bd782545-473f-4ab1-8c59-40bda358070f": {
      "id": "bd782545-473f-4ab1-8c59-40bda358070f",
      "a": {
        "x": 12800,
        "y": 1400.000000000001
      },
      "b": {
        "x": 12800,
        "y": 4000
      },
      "thickness": 200,
      "kind": "interior"
    },
    "748043e2-a6b9-47ac-81c8-1c3598611869": {
      "id": "748043e2-a6b9-47ac-81c8-1c3598611869",
      "a": {
        "x": 14600,
        "y": 5299.999999999999
      },
      "b": {
        "x": 10800,
        "y": 5300
      },
      "thickness": 200,
      "kind": "interior"
    },
    "95c5fa48-0f26-43ca-b18c-1e099ae2f79b": {
      "id": "95c5fa48-0f26-43ca-b18c-1e099ae2f79b",
      "a": {
        "x": 3900,
        "y": 1400
      },
      "b": {
        "x": 17900,
        "y": 1400.0000000000018
      },
      "thickness": 300,
      "kind": "interior"
    },
    "d0b50433-e667-4a28-8df7-0b19b994981e": {
      "id": "d0b50433-e667-4a28-8df7-0b19b994981e",
      "a": {
        "x": 3900,
        "y": 1400
      },
      "b": {
        "x": 3900,
        "y": 4000.0000000000005
      },
      "thickness": 300,
      "kind": "exterior"
    },
    "f3e2c3fa-60f1-4a5e-8678-8406ef6ed0fa": {
      "id": "f3e2c3fa-60f1-4a5e-8678-8406ef6ed0fa",
      "a": {
        "x": 3900,
        "y": 4000.0000000000005
      },
      "b": {
        "x": 6000.000000000001,
        "y": 4000.0000000000005
      },
      "thickness": 300,
      "kind": "exterior"
    },
    "8efb2e98-076f-4004-ac8d-418b09838738": {
      "id": "8efb2e98-076f-4004-ac8d-418b09838738",
      "a": {
        "x": 10800,
        "y": 5300
      },
      "b": {
        "x": 10800,
        "y": 8300.000000000002
      },
      "thickness": 200,
      "kind": "interior"
    },
    "07d45cc9-37e9-4f40-aacd-ec195ce75fe7": {
      "id": "07d45cc9-37e9-4f40-aacd-ec195ce75fe7",
      "a": {
        "x": 10800,
        "y": 8300.000000000002
      },
      "b": {
        "x": 10800,
        "y": 8300.000000000002
      },
      "thickness": 200,
      "kind": "interior"
    },
    "fb5b67e9-4a30-404c-9b73-5e657da29c97": {
      "id": "fb5b67e9-4a30-404c-9b73-5e657da29c97",
      "a": {
        "x": 17900,
        "y": 8300
      },
      "b": {
        "x": 10800,
        "y": 8300.000000000002
      },
      "thickness": 300,
      "kind": "exterior"
    },
    "a9361fe2-b602-4b13-957a-375674714aa6": {
      "id": "a9361fe2-b602-4b13-957a-375674714aa6",
      "a": {
        "x": 10800,
        "y": 8300.000000000002
      },
      "b": {
        "x": 6000,
        "y": 8300.000000000002
      },
      "thickness": 300,
      "kind": "exterior"
    }
  },
  "openings": {
    "d11be76e-ff2d-4d07-9610-c1d13f1c16d1": {
      "id": "d11be76e-ff2d-4d07-9610-c1d13f1c16d1",
      "wallId": "0ceaa841-cb1d-4134-a594-1c4df6463a13",
      "type": "door",
      "position": 3228.286689950873,
      "width": 900,
      "flipH": false,
      "flipV": true
    },
    "c5af9c19-8828-49c3-8f4c-2c53140f04ca": {
      "id": "c5af9c19-8828-49c3-8f4c-2c53140f04ca",
      "wallId": "748043e2-a6b9-47ac-81c8-1c3598611869",
      "type": "door",
      "position": 3162.0064147123844,
      "width": 900,
      "flipH": true,
      "flipV": true
    },
    "6a42f2cb-53b3-4eb3-8ae8-02620d9f4a22": {
      "id": "6a42f2cb-53b3-4eb3-8ae8-02620d9f4a22",
      "wallId": "95c5fa48-0f26-43ca-b18c-1e099ae2f79b",
      "type": "door",
      "position": 8248.595199369229,
      "width": 900,
      "flipH": true,
      "flipV": true
    },
    "422ca477-4ade-429e-a6c2-82c0bb99dcc2": {
      "id": "422ca477-4ade-429e-a6c2-82c0bb99dcc2",
      "wallId": "dfa3b7ac-da97-425b-be7e-bd760e573161",
      "type": "door",
      "position": 2054.2322077796057,
      "width": 700,
      "flipH": true,
      "flipV": false
    },
    "af3afcac-83d2-445f-9612-72480ea52173": {
      "id": "af3afcac-83d2-445f-9612-72480ea52173",
      "wallId": "6478b91b-4dde-4b29-87b5-26550e20bf2b",
      "type": "door",
      "position": 2538.4397624826306,
      "width": 700,
      "flipH": false,
      "flipV": true
    },
    "783a205f-d593-4a23-b378-e4e1b1749778": {
      "id": "783a205f-d593-4a23-b378-e4e1b1749778",
      "wallId": "f3e2c3fa-60f1-4a5e-8678-8406ef6ed0fa",
      "type": "door",
      "position": 1340.8864857386498,
      "width": 900,
      "flipH": true,
      "flipV": false
    },
    "00f46eda-e5cb-40aa-8a71-e25436411d32": {
      "id": "00f46eda-e5cb-40aa-8a71-e25436411d32",
      "wallId": "c7e9dc09-d721-4b10-8edb-074b43375e23",
      "type": "door",
      "position": 5424.527043994963,
      "width": 800,
      "flipH": true,
      "flipV": true,
      "style": "pocket"
    }
  }
}